"Employee ID","Last Name, First Name","Job Profile","Supervisory Organization","Current Hourly Rate","Current Annual Salary","Location City, State","Grade Profile Minimum","Grade Profile Midpoint","Grade Profile Maximum","Employment Type","Hire Date","Department Code","Performance Rating","Years of Experience","Education Level","Gender","Ethnicity","Cost Center","Work Arrangement","Shift","Pay Type (FLSA)","Bonus Eligible","Bonus Amount","Last Review Date","Primary Language","Certification","Travel Requirement","Health Plan","Direct Report Count"
"EMP76552","Moore, Robert","Senior Analyst","Kenneth Davis (EMP18806)","$76.13","$158,350.40","Charlotte NC","$126,528.12","$154,106.06","$190,172.68","Full-Time","02/02/2012","DEPT-739","Outstanding","13","Master's Degree","Prefer Not to Say","Prefer Not to Say","CC-1255","Hybrid","Flexible","Non-Exempt","No","$0","12/03/2025","Japanese","Scrum Master","0%","Plan B - PPO","0"
"EMP52093","Nguyen, Christopher","Marketing Coordinator","Linda Lopez (EMP65739)","$81.75","$170,040.00","Boston MA","$124,854.26","$168,638.08","$215,225.74","Full-Time","05/27/2008","DEPT-813","Exceeds Expectations","20","MBA","Female","Hispanic or Latino","CC-3064","Hybrid","Remote","Exempt","Yes","$21,579","01/14/2025","Mandarin","CISSP","50%","Plan C - HDHP","0"
"EMP17029","Adams, Sandra","HR Manager","Peter Parker (EMP00001)","$46.47","$96,657.60","Minneapolis MN","$78,455.99","$92,999.34","$114,859.21","Part-Time","01/01/2005","DEPT-604","Exceeds Expectations","2","Associate's Degree","Non-Binary","White","CC-4021","On-Site","Flexible","Non-Exempt","No","$0","12/05/2022","German","None","50%","Plan B - PPO","12"
"EMP65739","Lopez, Linda","Finance Manager","Peter Parker (EMP00001)","$86.25","$179,400.00","Chicago IL","$138,584.13","$176,607.64","$220,215.87","Full-Time","04/07/2000","DEPT-589","Below Expectations","6","MBA","Female","Hispanic or Latino","CC-4263","On-Site","Remote","Exempt","Yes","$22,454","03/10/2026","Spanish","CFA","50%","Plan C - HDHP","15"
"EMP92538","Lopez, Robert","Engineering Manager","Peter Parker (EMP00001)","$45.92","$95,513.60","Phoenix AZ","$69,844.95","$91,341.88","$121,182.25","Temporary","05/05/2018","DEPT-446","Exceeds Expectations","22","Associate's Degree","Male","Prefer Not to Say","CC-2609","On-Site","Flexible","Non-Exempt","Yes","$1,373","11/08/2024","Japanese","Six Sigma Green Belt","25%","Plan C - HDHP","10"
"EMP45970","Nelson, Sarah","Financial Analyst","William Garcia (EMP67854)","$42.42","$88,233.60","Denver CO","$66,260.26","$89,057.03","$110,206.94","Temporary","10/25/2002","DEPT-837","Exceeds Expectations","17","Master's Degree","Prefer Not to Say","Hispanic or Latino","CC-4263","Hybrid","Remote","Non-Exempt","Yes","$21,910","02/28/2021","English","Scrum Master","50%","Plan C - HDHP","0"
"EMP75798","Mitchell, Michael","Data Scientist","Patricia Thomas (EMP41671)","$45.07","$93,745.60","Tampa FL","$70,284.88","$91,333.52","$117,206.32","Full-Time","03/01/2003","DEPT-679","Meets Expectations","21","Associate's Degree","Non-Binary","Black or African American","CC-3064","Hybrid","Night","Non-Exempt","No","$0","07/15/2025","French","None","0%","Plan A - HMO","0"
"EMP77803","Flores, Donald","Senior Analyst","Kenneth Allen (EMP51924)","$70.92","$147,513.60","Minneapolis MN","$120,254.45","$147,520.07","$174,772.75","Temporary","02/16/2020","DEPT-199","Needs Improvement","23","Master's Degree","Non-Binary","Black or African American","CC-7334","Hybrid","Night","Exempt","No","$0","01/31/2026","Spanish","Scrum Master","50%","Waived","0"
"EMP51924","Allen, Kenneth","Marketing Manager","Peter Parker (EMP00001)","$91.30","$189,904.00","Miami FL","$142,995.11","$189,808.40","$236,812.89","Full-Time","01/22/2014","DEPT-563","Exceeds Expectations","25","Bachelor's Degree","Male","Two or More Races","CC-6096","Remote","Remote","Non-Exempt","No","$0","12/23/2021","Portuguese","Six Sigma Green Belt","100%","Waived","9"
"EMP20072","Brown, Andrew","DevOps Engineer","Robert Lopez (EMP92538)","$55.90","$116,272.00","San Antonio TX","$93,684.83","$118,538.33","$138,859.17","Temporary","04/15/2023","DEPT-918","Below Expectations","16","High School","Male","Asian","CC-3064","Remote","Morning","Non-Exempt","No","$0","07/21/2024","Portuguese","Six Sigma Green Belt","0%","Plan A - HMO","0"
"EMP48583","Flores, Betty","IT Support Specialist","Patricia Thomas (EMP41671)","$51.98","$108,118.40","San Jose CA","$77,924.10","$104,685.53","$138,312.70","Part-Time","02/29/2020","DEPT-440","Needs Improvement","24","PhD","Prefer Not to Say","Asian","CC-3925","Remote","Morning","Exempt","Yes","$19,866","10/30/2021","French","Google Analytics","75%","Plan B - PPO","0"
"EMP24286","King, Donna","HR Specialist","Patricia Thomas (EMP41671)","$28.56","$59,404.80","Tampa FL","$43,759.48","$61,889.41","$75,050.12","Part-Time","03/01/2008","DEPT-404","Below Expectations","6","Associate's Degree","Prefer Not to Say","Asian","CC-5816","Hybrid","Morning","Non-Exempt","No","$0","02/15/2021","Spanish","SHRM-CP","25%","Waived","0"
"EMP38222","Roberts, Mark","Supply Chain Analyst","Patricia Thomas (EMP41671)","$33.56","$69,804.80","Portland OR","$54,019.13","$71,810.09","$85,590.47","Temporary","12/02/2021","DEPT-746","Below Expectations","14","Associate's Degree","Female","Black or African American","CC-9967","Hybrid","Afternoon","Non-Exempt","Yes","$7,737","07/15/2023","Arabic","AWS Certified","0%","Waived","0"
"EMP14934","Lee, Betty","Payroll Specialist","William Garcia (EMP67854)","$93.44","$194,355.20","Tampa FL","$136,543.86","$186,083.55","$252,166.54","Contract","12/09/2009","DEPT-142","Needs Improvement","24","PhD","Non-Binary","Two or More Races","CC-5816","On-Site","Remote","Exempt","Yes","$15,916","02/06/2024","Japanese","Scrum Master","100%","Plan B - PPO","0"
"EMP37347","Brown, Mary","Product Manager","William Garcia (EMP67854)","$47.65","$99,112.00","New York NY","$69,393.55","$95,354.58","$128,830.45","Temporary","03/11/2014","DEPT-461","Outstanding","7","Bachelor's Degree","Male","Black or African American","CC-4263","On-Site","Flexible","Exempt","No","$0","12/21/2021","French","AWS Certified","50%","Waived","0"
"EMP38573","Garcia, Susan","IT Support Specialist","Sandra Adams (EMP17029)","$28.42","$59,113.60","Atlanta GA","$47,979.11","$59,667.62","$70,248.09","Part-Time","04/26/2017","DEPT-888","Meets Expectations","13","MBA","Non-Binary","White","CC-6096","On-Site","Afternoon","Exempt","Yes","$3,715","06/14/2023","Mandarin","PMP","75%","Plan C - HDHP","0"
"EMP22107","Jackson, Richard","Product Manager","Sandra Adams (EMP17029)","$35.57","$73,985.60","Nashville TN","$55,748.88","$76,946.43","$92,222.32","Contract","07/13/2000","DEPT-525","Outstanding","23","High School","Male","White","CC-4824","Remote","Morning","Non-Exempt","No","$0","11/01/2024","Arabic","PMP","25%","Plan C - HDHP","0"
"EMP39387","Young, John","Data Scientist","Kenneth Allen (EMP51924)","$89.39","$185,931.20","Miami FL","$147,498.84","$189,271.91","$224,363.56","Full-Time","05/03/2000","DEPT-322","Exceeds Expectations","5","High School","Prefer Not to Say","Asian","CC-3064","Remote","Night","Non-Exempt","No","$0","05/05/2024","Portuguese","Scrum Master","0%","Waived","0"
"EMP86773","Baker, Patricia","UX Designer","Kenneth Allen (EMP51924)","$34.74","$72,259.20","Boston MA","$51,829.52","$71,812.22","$92,688.88","Full-Time","01/30/2006","DEPT-203","Below Expectations","9","High School","Female","Hispanic or Latino","CC-9335","Hybrid","Remote","Non-Exempt","No","$0","01/15/2024","English","PMP","100%","Plan C - HDHP","0"
"EMP67622","Allen, Lisa","Senior Analyst","Sandra Adams (EMP17029)","$93.28","$194,022.40","Philadelphia PA","$145,904.79","$186,067.37","$242,140.01","Full-Time","12/14/2013","DEPT-771","Meets Expectations","24","MBA","Female","White","CC-5041","On-Site","Morning","Non-Exempt","Yes","$19,677","08/03/2023","French","Scrum Master","25%","Waived","0"
"EMP51427","Jones, Daniel","Financial Analyst","Kenneth Davis (EMP18806)","$29.76","$61,900.80","New York NY","$47,071.08","$63,561.54","$76,730.52","Temporary","02/03/2015","DEPT-538","Exceeds Expectations","27","High School","Prefer Not to Say","Hispanic or Latino","CC-4263","Hybrid","Night","Non-Exempt","No","$0","07/21/2021","German","SHRM-CP","100%","Plan A - HMO","0"
"EMP46708","Wright, Kenneth","Product Manager","Patricia Thomas (EMP41671)","$38.96","$81,036.80","Phoenix AZ","$59,227.44","$83,275.96","$102,846.16","Temporary","11/29/2013","DEPT-980","Exceeds Expectations","29","MBA","Female","Black or African American","CC-9967","On-Site","Remote","Exempt","No","$0","11/15/2023","French","Google Analytics","75%","Waived","0"
"EMP50009","Martin, Matthew","Senior Analyst","Patricia Thomas (EMP41671)","$82.95","$172,536.00","Miami FL","$138,518.42","$177,886.24","$206,553.58","Part-Time","09/02/2005","DEPT-900","Needs Improvement","24","PhD","Non-Binary","Asian","CC-2609","Hybrid","Afternoon","Non-Exempt","No","$0","01/19/2024","English","Scrum Master","100%","Waived","0"
"EMP81412","Clark, Brian","Data Scientist","Sandra Adams (EMP17029)","$42.23","$87,838.40","Austin TX","$65,805.97","$89,364.06","$109,870.83","Temporary","08/17/2010","DEPT-230","Below Expectations","18","Master's Degree","Male","Black or African American","CC-9967","Hybrid","Night","Exempt","Yes","$21,786","07/23/2024","Mandarin","None","10%","Plan A - HMO","0"
"EMP74184","Nelson, Deborah","Operations Manager","Kenneth Davis (EMP18806)","$25.53","$53,102.40","Atlanta GA","$39,552.68","$51,407.12","$66,652.12","Part-Time","08/14/2014","DEPT-502","Exceeds Expectations","3","Bachelor's Degree","Male","Two or More Races","CC-1255","On-Site","Flexible","Exempt","No","$0","12/20/2025","Mandarin","SHRM-CP","100%","Plan B - PPO","0"
"EMP86652","Hill, Donna","Customer Success Manager","Sandra Adams (EMP17029)","$75.53","$157,102.40","Atlanta GA","$118,687.43","$149,790.49","$195,517.37","Full-Time","09/28/2013","DEPT-449","Below Expectations","28","MBA","Non-Binary","Hispanic or Latino","CC-1255","Hybrid","Remote","Non-Exempt","No","$0","03/22/2025","Spanish","None","10%","Plan B - PPO","0"
"EMP61614","Smith, Nancy","Sales Representative","Linda Lopez (EMP65739)","$78.98","$164,278.40","Miami FL","$118,512.58","$167,550.19","$210,044.22","Contract","09/17/2015","DEPT-596","Outstanding","16","Bachelor's Degree","Female","Black or African American","CC-8449","Remote","Morning","Exempt","No","$0","11/03/2022","Mandarin","Six Sigma Green Belt","10%","Plan C - HDHP","0"
"EMP61016","Thompson, Betty","Supply Chain Analyst","William Garcia (EMP67854)","$48.14","$100,131.20","Charlotte NC","$71,712.00","$104,162.40","$128,550.40","Temporary","08/17/2021","DEPT-215","Exceeds Expectations","2","Associate's Degree","Non-Binary","Prefer Not to Say","CC-2318","On-Site","Remote","Non-Exempt","No","$0","08/02/2024","French","CISSP","75%","Plan C - HDHP","0"
"EMP45016","Thomas, Sarah","Operations Manager","Sandra Adams (EMP17029)","$44.27","$92,081.60","Miami FL","$73,870.66","$88,786.26","$110,292.54","Temporary","08/07/2021","DEPT-590","Exceeds Expectations","1","High School","Female","Black or African American","CC-9804","Hybrid","Remote","Non-Exempt","Yes","$18,759","12/18/2020","Portuguese","PMP","50%","Plan C - HDHP","0"
"EMP74614","Mitchell, Mark","Software Engineer","Kenneth Davis (EMP18806)","$54.99","$114,379.20","Minneapolis MN","$82,121.33","$118,273.53","$146,637.07","Contract","03/12/2004","DEPT-416","Below Expectations","16","High School","Non-Binary","Hispanic or Latino","CC-4824","Remote","Morning","Non-Exempt","Yes","$3,668","07/13/2020","Arabic","CFA","50%","Plan C - HDHP","0"
"EMP42005","Martin, Kevin","Recruiter","Kenneth Davis (EMP18806)","$56.81","$118,164.80","Boston MA","$83,051.28","$119,663.72","$153,278.32","Contract","10/26/2014","DEPT-211","Meets Expectations","8","Master's Degree","Female","Black or African American","CC-4263","Hybrid","Morning","Non-Exempt","No","$0","04/29/2023","German","None","75%","Plan A - HMO","0"
"EMP17433","White, Anthony","Recruiter","Linda Lopez (EMP65739)","$84.72","$176,217.60","Philadelphia PA","$143,551.52","$167,884.18","$208,883.68","Full-Time","10/05/2000","DEPT-248","Meets Expectations","30","PhD","Female","Hispanic or Latino","CC-2609","Remote","Remote","Non-Exempt","No","$0","03/31/2023","Arabic","AWS Certified","25%","Plan B - PPO","0"
"EMP75473","Lewis, Timothy","Senior Analyst","Robert Lopez (EMP92538)","$54.15","$112,632.00","Tampa FL","$91,071.26","$110,031.75","$134,192.74","Contract","05/24/2001","DEPT-774","Needs Improvement","11","PhD","Prefer Not to Say","White","CC-9967","Remote","Night","Non-Exempt","Yes","$1,200","04/25/2020","English","Google Analytics","10%","Plan B - PPO","0"
"EMP54976","Hill, Donald","Payroll Specialist","Patricia Thomas (EMP41671)","$30.71","$63,876.80","Portland OR","$45,119.06","$65,326.08","$82,634.54","Temporary","12/26/2018","DEPT-120","Outstanding","22","Master's Degree","Female","Prefer Not to Say","CC-1629","Remote","Night","Non-Exempt","No","$0","01/26/2025","French","Scrum Master","25%","Plan C - HDHP","0"
"EMP75826","Miller, Matthew","Product Manager","William Garcia (EMP67854)","$23.23","$48,318.40","Denver CO","$37,672.07","$50,604.55","$58,964.73","Contract","06/29/2023","DEPT-363","Exceeds Expectations","1","MBA","Non-Binary","Two or More Races","CC-9335","Remote","Morning","Non-Exempt","No","$0","12/16/2024","Spanish","Six Sigma Green Belt","10%","Plan A - HMO","0"
"EMP74410","Jackson, Emily","Software Engineer","William Garcia (EMP67854)","$48.00","$99,840.00","Dallas TX","$78,742.39","$100,350.96","$120,937.61","Full-Time","01/21/2017","DEPT-378","Exceeds Expectations","23","Bachelor's Degree","Female","Prefer Not to Say","CC-5816","Remote","Night","Non-Exempt","No","$0","12/30/2023","French","CFA","0%","Plan A - HMO","0"
"EMP52784","Hill, Joseph","IT Support Specialist","Linda Lopez (EMP65739)","$74.20","$154,336.00","San Diego CA","$110,544.26","$152,542.40","$198,127.74","Temporary","07/05/2011","DEPT-674","Exceeds Expectations","8","PhD","Prefer Not to Say","Two or More Races","CC-9335","Hybrid","Night","Exempt","Yes","$13,338","12/29/2023","Japanese","CISSP","50%","Plan B - PPO","0"
"EMP24968","Lee, Nancy","Marketing Coordinator","Robert Lopez (EMP92538)","$58.34","$121,347.20","Seattle WA","$92,322.56","$126,857.13","$150,371.84","Contract","05/31/2011","DEPT-979","Exceeds Expectations","4","Associate's Degree","Prefer Not to Say","Black or African American","CC-2609","On-Site","Afternoon","Non-Exempt","No","$0","10/23/2020","English","Scrum Master","10%","Plan B - PPO","0"
"EMP70158","Rodriguez, Ashley","Operations Manager","William Garcia (EMP67854)","$76.69","$159,515.20","Miami FL","$121,153.40","$155,217.15","$197,877.00","Temporary","10/12/2015","DEPT-173","Meets Expectations","20","Bachelor's Degree","Male","White","CC-5041","On-Site","Flexible","Exempt","Yes","$15,559","01/06/2025","Arabic","CISSP","10%","Plan A - HMO","0"
"EMP11522","Hill, Brian","Software Engineer","Kenneth Allen (EMP51924)","$18.78","$39,062.40","San Antonio TX","$29,363.35","$37,978.33","$48,761.45","Full-Time","01/06/2008","DEPT-448","Outstanding","8","MBA","Prefer Not to Say","Hispanic or Latino","CC-9967","Hybrid","Afternoon","Exempt","Yes","$15,248","01/24/2023","German","CISSP","75%","Plan A - HMO","0"
"EMP95326","Hernandez, Jennifer","Product Manager","Kenneth Allen (EMP51924)","$64.22","$133,577.60","New York NY","$98,140.41","$134,213.03","$169,014.79","Part-Time","01/09/2000","DEPT-380","Below Expectations","28","PhD","Male","Two or More Races","CC-2283","Remote","Afternoon","Non-Exempt","Yes","$3,775","09/26/2023","Japanese","AWS Certified","100%","Plan C - HDHP","0"
"EMP38698","Mitchell, Jessica","Data Scientist","Robert Lopez (EMP92538)","$42.32","$88,025.60","Miami FL","$62,959.12","$89,810.88","$113,092.08","Part-Time","12/09/2006","DEPT-481","Needs Improvement","9","Master's Degree","Male","Prefer Not to Say","CC-4021","Remote","Afternoon","Exempt","No","$0","02/12/2022","Arabic","PMP","25%","Plan C - HDHP","0"
"EMP49592","Martinez, Dorothy","Operations Manager","Kenneth Davis (EMP18806)","$53.94","$112,195.20","Seattle WA","$87,798.23","$114,237.24","$136,592.17","Part-Time","12/25/2023","DEPT-143","Below Expectations","20","PhD","Prefer Not to Say","Two or More Races","CC-9967","Remote","Afternoon","Non-Exempt","Yes","$13,438","01/25/2021","Portuguese","Six Sigma Green Belt","10%","Plan A - HMO","0"
"EMP19442","Perez, Karen","Supply Chain Analyst","Robert Lopez (EMP92538)","$70.04","$145,683.20","Phoenix AZ","$116,439.58","$139,913.03","$174,926.82","Part-Time","12/24/2004","DEPT-746","Outstanding","16","PhD","Non-Binary","Asian","CC-9885","Remote","Morning","Non-Exempt","Yes","$21,133","11/28/2022","Arabic","PMP","10%","Plan C - HDHP","0"
"EMP92657","Sanchez, Matthew","Payroll Specialist","Kenneth Davis (EMP18806)","$85.22","$177,257.60","Denver CO","$129,423.41","$176,188.97","$225,091.79","Temporary","10/25/2024","DEPT-717","Outstanding","17","High School","Male","Prefer Not to Say","CC-3064","Hybrid","Remote","Exempt","No","$0","08/03/2025","French","Google Analytics","0%","Waived","0"
"EMP17240","Flores, Ashley","Operations Manager","Sandra Adams (EMP17029)","$63.12","$131,289.60","Minneapolis MN","$99,824.79","$134,882.56","$162,754.41","Full-Time","01/06/2023","DEPT-582","Exceeds Expectations","16","PhD","Non-Binary","Two or More Races","CC-4824","Remote","Remote","Exempt","Yes","$21,238","02/21/2025","Japanese","CFA","75%","Plan A - HMO","0"
"EMP77112","Jackson, Stephanie","Business Analyst","Linda Lopez (EMP65739)","$38.54","$80,163.20","San Antonio TX","$65,185.64","$82,230.37","$95,140.76","Contract","02/11/2008","DEPT-666","Needs Improvement","14","Master's Degree","Prefer Not to Say","Asian","CC-7334","On-Site","Remote","Exempt","No","$0","11/20/2022","Mandarin","SHRM-CP","25%","Plan B - PPO","0"
"EMP63591","Allen, Steven","UX Designer","William Garcia (EMP67854)","$85.71","$178,276.80","Houston TX","$139,319.97","$184,034.81","$217,233.63","Full-Time","11/13/2014","DEPT-846","Meets Expectations","28","PhD","Non-Binary","Black or African American","CC-1255","Hybrid","Night","Exempt","No","$0","07/10/2023","Portuguese","CISSP","25%","Waived","0"
"EMP57997","Sanchez, Dorothy","DevOps Engineer","Linda Lopez (EMP65739)","$66.96","$139,276.80","Portland OR","$98,914.09","$133,216.00","$179,639.51","Part-Time","11/06/2016","DEPT-564","Exceeds Expectations","7","Bachelor's Degree","Prefer Not to Say","Black or African American","CC-4824","On-Site","Afternoon","Non-Exempt","No","$0","03/10/2020","Arabic","Google Analytics","25%","Waived","0"
"EMP99521","Johnson, Donna","Marketing Coordinator","Linda Lopez (EMP65739)","$57.18","$118,934.40","Chicago IL","$91,471.64","$121,100.71","$146,397.16","Contract","09/21/2017","DEPT-589","Below Expectations","28","PhD","Male","Prefer Not to Say","CC-3064","Remote","Night","Non-Exempt","Yes","$20,990","10/01/2025","Spanish","CPA","100%","Plan A - HMO","0"
"EMP77488","Harris, Brian","Financial Analyst","Kenneth Davis (EMP18806)","$91.47","$190,257.60","Portland OR","$147,744.48","$181,689.76","$232,770.72","Contract","08/12/2008","DEPT-246","Outstanding","24","MBA","Female","Prefer Not to Say","CC-8449","Remote","Flexible","Exempt","Yes","$18,742","02/11/2023","English","CFA","75%","Waived","0"
"EMP99358","Green, Donald","DevOps Engineer","Kenneth Allen (EMP51924)","$49.66","$103,292.80","San Diego CA","$73,141.75","$104,805.67","$133,443.85","Temporary","01/22/2011","DEPT-536","Meets Expectations","16","Associate's Degree","Male","Black or African American","CC-3064","Remote","Remote","Exempt","No","$0","12/07/2021","German","Google Analytics","75%","Waived","0"
"EMP79429","Gonzalez, Amanda","Customer Success Manager","Patricia Thomas (EMP41671)","$58.76","$122,220.80","Minneapolis MN","$96,481.16","$127,653.24","$147,960.44","Contract","09/03/2023","DEPT-343","Meets Expectations","27","PhD","Prefer Not to Say","White","CC-1255","Remote","Afternoon","Non-Exempt","Yes","$19,405","11/29/2020","Mandarin","None","10%","Waived","0"
"EMP18806","Davis, Kenneth","IT Manager","Peter Parker (EMP00001)","$38.60","$80,288.00","Miami FL","$58,079.29","$80,004.56","$102,496.71","Temporary","05/04/2002","DEPT-805","Below Expectations","15","PhD","Female","Black or African American","CC-4824","On-Site","Remote","Non-Exempt","No","$0","01/06/2020","Portuguese","CFA","100%","Plan A - HMO","15"
"EMP16279","Hernandez, Thomas","DevOps Engineer","Linda Lopez (EMP65739)","$83.38","$173,430.40","Portland OR","$133,839.85","$173,702.62","$213,020.95","Contract","10/04/2023","DEPT-414","Needs Improvement","26","Master's Degree","Female","Black or African American","CC-1629","Remote","Afternoon","Non-Exempt","Yes","$18,958","04/24/2020","English","Scrum Master","25%","Plan B - PPO","0"
"EMP91212","Torres, Amanda","DevOps Engineer","William Garcia (EMP67854)","$85.70","$178,256.00","Phoenix AZ","$144,065.02","$170,801.60","$212,446.98","Contract","09/04/2000","DEPT-572","Needs Improvement","2","Master's Degree","Female","Two or More Races","CC-5041","Remote","Flexible","Exempt","Yes","$21,474","02/03/2020","Spanish","CPA","25%","Plan A - HMO","0"
"EMP16223","Clark, Ashley","Senior Analyst","Linda Lopez (EMP65739)","$43.64","$90,771.20","Boston MA","$66,584.11","$94,818.37","$114,958.29","Full-Time","08/28/2010","DEPT-207","Meets Expectations","24","Master's Degree","Male","Hispanic or Latino","CC-4824","On-Site","Night","Non-Exempt","No","$0","05/21/2024","Portuguese","Six Sigma Green Belt","25%","Waived","0"
"EMP52735","Nelson, Amanda","Recruiter","Kenneth Davis (EMP18806)","$86.89","$180,731.20","Miami FL","$131,216.34","$184,639.59","$230,246.06","Part-Time","12/04/2005","DEPT-615","Meets Expectations","26","High School","Female","Hispanic or Latino","CC-9967","Remote","Morning","Exempt","No","$0","06/12/2021","English","AWS Certified","100%","Plan C - HDHP","0"
"EMP67854","Garcia, William","Sales Manager","Peter Parker (EMP00001)","$59.46","$123,676.80","Charlotte NC","$95,387.78","$117,920.53","$151,965.82","Temporary","08/23/2002","DEPT-240","Meets Expectations","6","Master's Degree","Female","Asian","CC-8449","On-Site","Morning","Exempt","No","$0","10/12/2023","Portuguese","None","0%","Waived","16"
"EMP79476","Rivera, Mark","IT Support Specialist","Patricia Thomas (EMP41671)","$73.99","$153,899.20","Houston TX","$125,867.45","$147,033.60","$181,930.95","Part-Time","11/09/2021","DEPT-571","Below Expectations","17","Master's Degree","Male","Black or African American","CC-9335","Hybrid","Night","Exempt","No","$0","09/30/2023","French","Six Sigma Green Belt","0%","Plan C - HDHP","0"
"EMP58769","Green, Daniel","Supply Chain Analyst","Kenneth Davis (EMP18806)","$68.55","$142,584.00","Seattle WA","$103,071.41","$147,506.44","$182,096.59","Temporary","11/01/2002","DEPT-102","Meets Expectations","26","Master's Degree","Female","Asian","CC-3925","Hybrid","Remote","Exempt","No","$0","06/19/2020","Arabic","CFA","100%","Plan A - HMO","0"
"EMP18287","Brown, Michael","Customer Success Manager","William Garcia (EMP67854)","$75.10","$156,208.00","New York NY","$127,753.77","$155,024.72","$184,662.23","Full-Time","12/24/2008","DEPT-218","Needs Improvement","27","Bachelor's Degree","Prefer Not to Say","Black or African American","CC-2609","Hybrid","Afternoon","Non-Exempt","No","$0","06/19/2020","Arabic","None","100%","Plan C - HDHP","0"
"EMP47755","Jones, David","UX Designer","Sandra Adams (EMP17029)","$88.54","$184,163.20","Atlanta GA","$149,924.04","$185,823.15","$218,402.36","Temporary","08/15/2015","DEPT-906","Outstanding","13","High School","Female","Hispanic or Latino","CC-6096","On-Site","Remote","Non-Exempt","No","$0","06/18/2024","Portuguese","CISSP","10%","Plan A - HMO","0"
"EMP63468","Davis, Lisa","Financial Analyst","Patricia Thomas (EMP41671)","$90.93","$189,134.40","Phoenix AZ","$135,162.94","$183,801.71","$243,105.86","Part-Time","06/17/2006","DEPT-766","Needs Improvement","2","Master's Degree","Non-Binary","Prefer Not to Say","CC-4824","On-Site","Morning","Exempt","Yes","$20,461","07/04/2021","French","Scrum Master","0%","Plan C - HDHP","0"
"EMP44075","Lee, John","Business Analyst","William Garcia (EMP67854)","$65.39","$136,011.20","San Antonio TX","$110,140.99","$133,049.47","$161,881.41","Contract","01/31/2017","DEPT-361","Exceeds Expectations","11","Associate's Degree","Non-Binary","Asian","CC-4021","Hybrid","Remote","Exempt","Yes","$23,731","09/06/2021","Mandarin","Scrum Master","75%","Plan A - HMO","0"
"EMP12293","Rivera, Jennifer","Project Manager","William Garcia (EMP67854)","$47.51","$98,820.80","New York NY","$73,873.23","$94,269.97","$123,768.37","Temporary","01/10/2011","DEPT-828","Meets Expectations","9","High School","Non-Binary","Hispanic or Latino","CC-3925","Remote","Morning","Exempt","Yes","$24,015","08/02/2022","Mandarin","AWS Certified","10%","Plan B - PPO","0"
"EMP59092","Wilson, Dorothy","HR Specialist","Linda Lopez (EMP65739)","$60.42","$125,673.60","Minneapolis MN","$96,383.95","$127,959.05","$154,963.25","Contract","09/18/2018","DEPT-725","Below Expectations","1","Master's Degree","Prefer Not to Say","Asian","CC-7334","Hybrid","Night","Exempt","Yes","$16,645","04/02/2025","Spanish","AWS Certified","25%","Waived","0"
"EMP17681","Miller, Mary","DevOps Engineer","Robert Lopez (EMP92538)","$58.16","$120,972.80","Seattle WA","$85,054.06","$123,249.58","$156,891.54","Temporary","01/19/2010","DEPT-389","Meets Expectations","2","High School","Non-Binary","Prefer Not to Say","CC-7334","Remote","Night","Exempt","No","$0","03/16/2024","Spanish","Google Analytics","10%","Waived","0"
"EMP36441","Hernandez, Charles","Operations Manager","William Garcia (EMP67854)","$31.07","$64,625.60","San Diego CA","$46,344.99","$63,956.85","$82,906.21","Full-Time","01/19/2016","DEPT-687","Meets Expectations","7","MBA","Prefer Not to Say","Black or African American","CC-9967","On-Site","Afternoon","Non-Exempt","No","$0","09/20/2022","Portuguese","PMP","100%","Plan C - HDHP","0"
"EMP41221","Taylor, Patricia","Compliance Officer","Patricia Thomas (EMP41671)","$54.04","$112,403.20","Phoenix AZ","$81,082.55","$108,494.21","$143,723.85","Part-Time","08/14/2013","DEPT-862","Needs Improvement","3","High School","Prefer Not to Say","Asian","CC-4263","Hybrid","Afternoon","Exempt","Yes","$3,077","11/07/2021","English","CPA","0%","Plan A - HMO","0"
"EMP74444","Clark, George","Product Manager","Robert Lopez (EMP92538)","$53.80","$111,904.00","San Antonio TX","$90,318.90","$114,203.19","$133,489.10","Part-Time","05/14/2002","DEPT-144","Outstanding","27","MBA","Non-Binary","Asian","CC-3303","Remote","Flexible","Non-Exempt","Yes","$8,838","08/25/2022","German","AWS Certified","10%","Plan A - HMO","0"
"EMP89516","Martinez, Linda","Customer Success Manager","Robert Lopez (EMP92538)","$36.52","$75,961.60","Charlotte NC","$60,796.31","$77,390.88","$91,126.89","Full-Time","10/02/2021","DEPT-769","Needs Improvement","27","MBA","Female","Asian","CC-3064","Hybrid","Night","Non-Exempt","Yes","$18,239","11/30/2023","French","CISSP","100%","Plan A - HMO","0"
"EMP76789","Wilson, Michelle","Compliance Officer","Robert Lopez (EMP92538)","$53.65","$111,592.00","Seattle WA","$89,774.57","$108,894.52","$133,409.43","Part-Time","03/28/2017","DEPT-916","Meets Expectations","16","MBA","Male","Two or More Races","CC-2609","On-Site","Flexible","Non-Exempt","Yes","$15,357","03/04/2021","Portuguese","Google Analytics","75%","Waived","0"
"EMP15969","Green, Barbara","DevOps Engineer","Patricia Thomas (EMP41671)","$85.31","$177,444.80","San Antonio TX","$128,087.77","$182,762.31","$226,801.83","Temporary","01/04/2001","DEPT-153","Meets Expectations","19","High School","Prefer Not to Say","Prefer Not to Say","CC-5816","Hybrid","Morning","Non-Exempt","No","$0","03/20/2025","German","Scrum Master","100%","Plan B - PPO","0"
"EMP30591","Green, Ashley","IT Support Specialist","William Garcia (EMP67854)","$18.03","$37,502.40","Denver CO","$28,086.41","$36,982.04","$46,918.39","Contract","07/03/2021","DEPT-834","Needs Improvement","27","High School","Male","Asian","CC-8449","Remote","Night","Exempt","Yes","$12,693","08/05/2021","English","AWS Certified","50%","Plan B - PPO","0"
"EMP54955","Allen, James","UX Designer","Patricia Thomas (EMP41671)","$91.37","$190,049.60","Minneapolis MN","$149,589.92","$196,589.11","$230,509.28","Contract","10/10/2009","DEPT-517","Meets Expectations","20","Associate's Degree","Male","White","CC-2609","Remote","Morning","Non-Exempt","No","$0","11/20/2022","Portuguese","CFA","25%","Waived","0"
"EMP77325","Davis, Jennifer","Sales Representative","Sandra Adams (EMP17029)","$92.81","$193,044.80","San Diego CA","$155,846.83","$192,562.20","$230,242.77","Contract","02/05/2017","DEPT-392","Outstanding","6","High School","Non-Binary","Hispanic or Latino","CC-3925","Remote","Morning","Non-Exempt","Yes","$969","07/20/2024","French","Scrum Master","10%","Plan B - PPO","0"
"EMP84519","Brown, Kimberly","HR Specialist","Linda Lopez (EMP65739)","$29.70","$61,776.00","Atlanta GA","$47,651.88","$64,844.93","$75,900.12","Part-Time","12/16/2012","DEPT-129","Needs Improvement","20","Associate's Degree","Prefer Not to Say","Black or African American","CC-1255","On-Site","Remote","Non-Exempt","Yes","$10,361","11/06/2023","Mandarin","CPA","0%","Plan B - PPO","0"
"EMP56455","Hall, Mary","Payroll Specialist","Sandra Adams (EMP17029)","$90.68","$188,614.40","Minneapolis MN","$154,616.44","$179,626.09","$222,612.36","Contract","05/19/2023","DEPT-655","Needs Improvement","26","Bachelor's Degree","Female","Prefer Not to Say","CC-1255","Remote","Morning","Non-Exempt","Yes","$5,496","06/06/2024","Japanese","SHRM-CP","75%","Plan B - PPO","0"
"EMP18630","Walker, Timothy","UX Designer","Kenneth Davis (EMP18806)","$52.30","$108,784.00","Denver CO","$80,236.04","$113,407.09","$137,331.96","Contract","09/09/2016","DEPT-182","Below Expectations","18","Master's Degree","Non-Binary","Hispanic or Latino","CC-9335","Remote","Morning","Non-Exempt","No","$0","02/13/2025","Arabic","PMP","25%","Plan B - PPO","0"
"EMP61626","Harris, Emily","Senior Analyst","Patricia Thomas (EMP41671)","$29.37","$61,089.60","Nashville TN","$49,570.90","$62,827.20","$72,608.30","Full-Time","02/01/2010","DEPT-997","Exceeds Expectations","16","Bachelor's Degree","Female","White","CC-2283","Hybrid","Flexible","Exempt","No","$0","04/16/2020","Spanish","CISSP","50%","Waived","0"
"EMP23202","Jones, David","Marketing Coordinator","Linda Lopez (EMP65739)","$79.32","$164,985.60","San Diego CA","$128,240.67","$172,915.55","$201,730.53","Temporary","10/19/2002","DEPT-500","Exceeds Expectations","17","High School","Non-Binary","Prefer Not to Say","CC-5041","Remote","Flexible","Non-Exempt","No","$0","04/23/2025","Mandarin","CFA","75%","Plan C - HDHP","0"
"EMP41671","Thomas, Patricia","Operations Manager","Peter Parker (EMP00001)","$45.96","$95,596.80","Boston MA","$70,041.34","$95,306.29","$121,152.26","Contract","03/20/2020","DEPT-912","Exceeds Expectations","20","PhD","Non-Binary","Hispanic or Latino","CC-3064","On-Site","Morning","Non-Exempt","Yes","$23,026","03/16/2023","Spanish","SHRM-CP","10%","Plan A - HMO","16"
"EMP52911","Walker, Dorothy","Marketing Coordinator","Robert Lopez (EMP92538)","$49.67","$103,313.60","Denver CO","$74,987.52","$107,667.07","$131,639.68","Part-Time","10/04/2019","DEPT-651","Outstanding","15","High School","Female","Asian","CC-1629","On-Site","Remote","Exempt","No","$0","05/23/2025","Japanese","CFA","0%","Plan C - HDHP","0"
"EMP72419","Perez, Kevin","Sales Representative","William Garcia (EMP67854)","$78.23","$162,718.40","Boston MA","$123,795.24","$159,144.48","$201,641.56","Full-Time","05/17/2023","DEPT-306","Outstanding","25","Bachelor's Degree","Non-Binary","White","CC-3064","Hybrid","Remote","Exempt","Yes","$12,583","08/02/2024","English","Google Analytics","0%","Plan C - HDHP","0"
"EMP42546","Martinez, Andrew","Project Manager","Kenneth Davis (EMP18806)","$27.27","$56,721.60","Minneapolis MN","$41,116.19","$58,246.22","$72,327.01","Contract","03/18/2012","DEPT-639","Outstanding","12","Bachelor's Degree","Female","Two or More Races","CC-9335","On-Site","Morning","Exempt","No","$0","06/06/2024","German","PMP","75%","Waived","0"
"EMP68805","Torres, Robert","Senior Analyst","Kenneth Davis (EMP18806)","$43.84","$91,187.20","Austin TX","$66,715.12","$86,638.26","$115,659.28","Full-Time","08/27/2018","DEPT-292","Outstanding","15","Bachelor's Degree","Male","Prefer Not to Say","CC-9335","Remote","Morning","Non-Exempt","No","$0","08/13/2023","Mandarin","None","0%","Waived","0"
"EMP19835","Jones, Sandra","Compliance Officer","Kenneth Davis (EMP18806)","$84.22","$175,177.60","Phoenix AZ","$131,545.52","$181,086.67","$218,809.68","Full-Time","06/13/2005","DEPT-487","Exceeds Expectations","19","Master's Degree","Prefer Not to Say","Asian","CC-7334","Hybrid","Remote","Non-Exempt","Yes","$6,095","10/30/2020","Spanish","AWS Certified","50%","Plan A - HMO","0"
"EMP83212","Hall, Paul","Recruiter","Linda Lopez (EMP65739)","$68.47","$142,417.60","Philadelphia PA","$112,096.02","$139,358.77","$172,739.18","Temporary","08/26/2022","DEPT-925","Needs Improvement","6","Associate's Degree","Non-Binary","Prefer Not to Say","CC-2283","Remote","Morning","Non-Exempt","Yes","$16,776","03/29/2020","Portuguese","Google Analytics","0%","Waived","0"
"EMP96439","Walker, Richard","Business Analyst","Linda Lopez (EMP65739)","$63.84","$132,787.20","Minneapolis MN","$95,407.16","$136,712.40","$170,167.24","Part-Time","10/09/2020","DEPT-664","Needs Improvement","12","MBA","Male","White","CC-4263","On-Site","Flexible","Exempt","Yes","$23,917","10/11/2023","Japanese","None","0%","Plan A - HMO","0"
"EMP73425","Johnson, Michael","Data Scientist","Kenneth Allen (EMP51924)","$68.84","$143,187.20","Chicago IL","$116,277.20","$139,665.66","$170,097.20","Temporary","09/04/2005","DEPT-974","Meets Expectations","29","PhD","Male","Prefer Not to Say","CC-6096","Remote","Flexible","Exempt","Yes","$9,578","07/09/2024","English","Scrum Master","75%","Plan A - HMO","0"
"EMP62037","Adams, Joshua","Financial Analyst","Sandra Adams (EMP17029)","$90.81","$188,884.80","Dallas TX","$144,404.50","$196,039.66","$233,365.10","Part-Time","10/27/2010","DEPT-601","Needs Improvement","15","PhD","Non-Binary","Prefer Not to Say","CC-2318","On-Site","Night","Non-Exempt","Yes","$11,191","02/26/2021","Mandarin","CFA","25%","Plan C - HDHP","0"
"EMP93152","Torres, Patricia","Compliance Officer","Patricia Thomas (EMP41671)","$68.59","$142,667.20","Minneapolis MN","$101,585.30","$146,093.82","$183,749.10","Part-Time","08/17/2004","DEPT-477","Outstanding","7","High School","Male","Asian","CC-3064","Hybrid","Morning","Non-Exempt","No","$0","01/05/2023","Japanese","AWS Certified","100%","Waived","0"
"EMP54985","Lee, Melissa","Sales Representative","Sandra Adams (EMP17029)","$23.90","$49,712.00","Dallas TX","$35,009.04","$49,748.74","$64,414.96","Full-Time","12/02/2011","DEPT-459","Meets Expectations","30","Bachelor's Degree","Non-Binary","Prefer Not to Say","CC-2609","Remote","Morning","Exempt","No","$0","03/25/2022","French","AWS Certified","25%","Plan C - HDHP","0"
"EMP21158","Lewis, James","Financial Analyst","William Garcia (EMP67854)","$42.35","$88,088.00","Atlanta GA","$65,638.04","$83,700.78","$110,537.96","Temporary","06/06/2015","DEPT-612","Below Expectations","5","MBA","Female","Black or African American","CC-9967","Remote","Morning","Exempt","Yes","$8,636","05/05/2025","German","CFA","0%","Plan B - PPO","0"
"EMP96998","Green, Deborah","Supply Chain Analyst","Kenneth Allen (EMP51924)","$22.89","$47,611.20","Austin TX","$34,523.40","$49,526.23","$60,699.00","Temporary","12/27/2019","DEPT-280","Below Expectations","12","Master's Degree","Female","Prefer Not to Say","CC-3925","On-Site","Flexible","Non-Exempt","Yes","$9,777","06/10/2022","French","Google Analytics","0%","Plan A - HMO","0"
"EMP47635","Davis, Robert","Recruiter","Kenneth Davis (EMP18806)","$65.58","$136,406.40","Minneapolis MN","$101,327.40","$136,251.75","$171,485.40","Contract","10/21/2024","DEPT-730","Below Expectations","14","Associate's Degree","Prefer Not to Say","White","CC-4021","On-Site","Remote","Exempt","No","$0","03/04/2021","German","Google Analytics","75%","Waived","0"
"EMP63086","Wilson, Joseph","Software Engineer","Patricia Thomas (EMP41671)","$49.43","$102,814.40","San Diego CA","$76,351.71","$104,888.84","$129,277.09","Part-Time","05/05/2017","DEPT-585","Outstanding","2","Associate's Degree","Male","Hispanic or Latino","CC-7334","On-Site","Afternoon","Non-Exempt","No","$0","05/15/2023","Portuguese","SHRM-CP","25%","Waived","0"
"EMP52676","Young, Michael","Customer Success Manager","Linda Lopez (EMP65739)","$31.93","$66,414.40","Miami FL","$50,709.90","$63,573.02","$82,118.90","Full-Time","07/12/2021","DEPT-556","Below Expectations","21","PhD","Female","Black or African American","CC-1629","On-Site","Remote","Exempt","No","$0","10/16/2020","English","Six Sigma Green Belt","0%","Plan C - HDHP","0"
"EMP28611","Johnson, Daniel","Business Analyst","Kenneth Allen (EMP51924)","$75.69","$157,435.20","San Jose CA","$111,465.47","$162,703.83","$203,404.93","Contract","01/28/2018","DEPT-719","Exceeds Expectations","8","Associate's Degree","Prefer Not to Say","Black or African American","CC-3925","Remote","Remote","Non-Exempt","No","$0","08/30/2021","Mandarin","Scrum Master","75%","Plan C - HDHP","0"
"EMP00001","Parker, Peter","Chief Executive Officer","","$120.00","$249,600.00","New York NY","$200,000.00","$249,600.00","$300,000.00","Full-Time","01/01/2015","DEPT-001","Outstanding","25","MBA","Prefer Not to Say","Prefer Not to Say","CC-0001","Hybrid","Flexible","Exempt","Yes","$50,000","01/15/2026","English","PMP","25%","Plan B - PPO","8"
